date,net_worth,gross,debt,managed,savings,self_directed,etf,stocks,bonds,other_inv,cash,invest_profit
2024-04-01,47476.24,71794.44,24318.199999999997,15764.79,16181.84,39847.81,22534.01,5164.12,7477.96,3881.73,16971.84,3313.01
2024-04-02,47504.57,71814.97,24310.4,15768.74,16185.880000000001,39860.35,22501.45,5199.6,7475.57,3893.74,16975.88,3317.65
2024-04-03,47542.98,71845.58,24302.6,15772.76,16190.009999999998,39882.81,22510.47,5209.18,7477.98,3895.17,16980.01,3322.88
2024-04-04,47623.93,71918.73,24294.800000000003,15776.85,16194.210000000001,39947.67,22608.66,5206.84,7469.15,3873.03,16984.21,3330.66
2024-04-05,47638.34,71925.34,24287.0,15781.02,16198.48,39945.84,22615.03,5214.36,7471.08,3855.38,16988.48,3334.46
2024-04-06,47716.46,71995.66,24279.199999999997,15785.26,16202.830000000002,40007.57,22654.35,5227.25,7478.3,3857.67,16992.83,3342.07
2024-04-07,47774.2,72045.6,24271.4,15789.57,16207.27,40048.76,22701.41,5228.98,7486.2,3842.16,16997.27,3348.47
2024-04-08,48003.96,72267.56,24263.6,15793.95,16211.77,40261.84,22848.27,5224.98,7494.95,3903.65,17001.77,3365.19
2024-04-09,48017.6,72273.4,24255.800000000003,15798.41,16216.34,40258.65,22846.94,5217.8,7498.92,3904.98,17006.34,3368.95
2024-04-10,48103.42,72351.42,24248.0,15802.94,16220.99,40327.49,22905.3,5223.25,7504.94,3904.0,17010.99,3377.04
2024-04-11,48072.39,72312.59,24240.199999999997,15807.54,16225.7,40279.35,22864.54,5231.29,7502.43,3891.09,17015.7,3378.11
2024-04-12,48071.94,72304.34,24232.4,15812.22,16230.52,40261.6,22844.08,5237.47,7513.75,3876.3,17020.52,3381.0
2024-04-13,48153.39,72377.99,24224.6,15816.97,16235.390000000001,40325.63,22918.43,5223.2,7528.41,3865.58,17025.39,3388.84
2024-04-14,48076.57,72293.37,24216.800000000003,15821.79,16240.34,40231.24,22845.95,5234.11,7540.01,3821.17,17030.34,3387.11
2024-04-15,48204.89,72413.89,24209.0,15826.69,16245.36,40341.84,22968.63,5240.47,7565.65,3777.09,17035.36,3397.78
2024-04-16,48346.06,72547.26,24201.199999999997,15831.66,16250.469999999998,40465.13,23081.76,5265.79,7557.37,3770.21,17040.47,3409.24
2024-04-17,48460.49,72653.89,24193.4,15836.71,16255.66,40561.52,23151.47,5267.46,7563.59,3789.0,17045.66,3419.09
2024-04-18,48569.86,72755.46,24185.6,15841.83,16260.91,40652.72,23167.86,5291.46,7585.64,3817.77,17050.91,3428.64
2024-04-19,48572.89,72750.69,24177.800000000003,15847.03,16266.239999999998,40637.42,23134.54,5302.72,7587.14,3823.02,17056.24,3431.73
2024-04-20,48481.59,72651.59,24170.0,15852.3,16271.649999999998,40527.64,23060.31,5296.24,7587.22,3793.86,17061.65,3429.09
2024-04-21,48630.65,72792.85,24162.199999999997,15857.65,16277.14,40658.06,23140.91,5302.11,7590.26,3834.77,17067.14,3441.06
2024-04-22,48580.74,72735.14,24154.4,15863.07,16282.71,40589.36,23062.13,5320.2,7588.66,3828.36,17072.71,3440.91
2024-04-23,48547.44,72694.04,24146.6,15868.56,16288.349999999999,40537.13,22998.35,5314.91,7592.64,3841.23,17078.35,3441.77
2024-04-24,48538.01,72676.81,24138.800000000003,15874.13,16294.07,40508.61,22990.99,5293.63,7592.12,3841.87,17084.07,3444.07
2024-04-25,48598.45,72729.45,24131.0,15879.78,16299.86,40549.81,23050.46,5273.25,7598.41,3837.69,17089.86,3450.64
2024-04-26,48631.79,72754.99,24123.199999999997,15885.5,16305.740000000002,40563.75,23088.53,5270.74,7601.72,3812.75,17095.74,3455.55
2024-04-27,48727.72,72843.12,24115.4,15891.3,16311.689999999999,40640.13,23156.61,5278.42,7612.63,3802.48,17101.69,3464.29
2024-04-28,48715.31,72822.91,24107.6,15897.17,16317.720000000001,40608.02,23132.16,5278.56,7622.95,3784.35,17107.72,3466.39
2024-04-29,48757.61,72857.41,24099.800000000003,15903.12,16323.82,40630.47,23116.33,5287.41,7640.31,3796.43,17113.82,3471.85
2024-04-30,48816.43,72908.43,24092.0,15909.14,16330.0,40669.29,23108.5,5287.02,7646.06,3837.71,17120.0,3478.32
2024-05-01,48795.32,72879.52,24084.199999999997,15915.24,16336.260000000002,40628.02,23043.01,5279.38,7653.97,3861.67,17126.26,3479.87
2024-05-02,48919.28,72995.68,24076.4,15921.41,16342.59,40731.68,23075.18,5279.29,7675.82,3911.39,17132.59,3490.35
2024-05-03,49005.71,73074.31,24068.6,15927.66,16349.0,40797.65,23113.87,5306.18,7686.72,3900.87,17139.0,3498.53
2024-05-04,49105.47,73166.27,24060.800000000003,15933.99,16355.5,40876.78,23178.45,5295.42,7701.2,3911.7,17145.5,3507.53
2024-05-05,49051.01,73104.01,24053.0,15940.39,16362.07,40801.55,23128.73,5285.9,7712.01,3884.91,17152.07,3507.01
2024-05-06,49155.85,73201.05,24045.199999999997,15946.86,16368.720000000001,40885.47,23198.17,5294.29,7702.65,3900.35,17158.72,3516.33
2024-05-07,49169.39,73206.79,24037.4,15953.41,16375.43,40877.95,23169.39,5299.15,7705.39,3914.03,17165.43,3520.0
2024-05-08,49273.65,73303.25,24029.6,15960.03,16382.24,40960.98,23200.62,5298.69,7721.44,3950.23,17172.24,3529.29
2024-05-09,49313.06,73334.86,24021.800000000003,15966.73,16389.12,40979.01,23183.67,5297.24,7717.85,3990.26,17179.12,3534.56
2024-05-10,49362.0,73376.0,24014.0,15973.5,16396.07,41006.43,23198.12,5323.33,7728.25,3966.72,17186.07,3540.43
2024-05-11,49436.37,73442.57,24006.199999999997,15980.35,16403.1,41059.12,23225.54,5331.19,7732.02,3980.37,17193.1,3547.87
2024-05-12,49445.18,73443.58,23998.4,15987.27,16410.2,41046.11,23186.8,5337.21,7736.04,3996.06,17200.2,3551.24
2024-05-13,49646.28,73636.88,23990.6,15994.27,16417.38,41225.23,23356.52,5353.26,7745.32,3980.14,17207.38,3566.59
2024-05-14,49752.79,73735.59,23982.800000000003,16001.34,16424.64,41309.61,23370.78,5371.69,7763.37,4013.77,17214.64,3576.05
2024-05-15,49653.93,73628.93,23975.0,16008.49,16431.97,41188.47,23327.5,5355.93,7763.65,3951.4,17221.97,3572.7
2024-05-16,49681.33,73648.53,23967.199999999997,16015.71,16439.379999999997,41193.44,23341.8,5362.65,7752.79,3946.21,17229.38,3577.22
2024-05-17,49625.75,73585.15,23959.4,16023.0,16446.870000000003,41115.28,23303.17,5382.95,7753.77,3885.39,17236.87,3576.54
2024-05-18,49656.82,73608.42,23951.6,16030.37,16454.42,41123.63,23327.19,5391.1,7761.53,3853.82,17244.42,3581.28
2024-05-19,49735.13,73678.93,23943.800000000003,16037.8,16462.06,41179.07,23315.67,5419.26,7789.66,3864.48,17252.06,3588.97
2024-05-20,49868.46,73804.46,23936.0,16045.32,16469.78,41289.36,23401.45,5428.22,7792.03,3877.65,17259.78,3600.13
2024-05-21,49823.65,73751.85,23928.199999999997,16052.9,16477.57,41221.38,23341.84,5434.47,7804.39,3850.69,17267.57,3600.1
2024-05-22,49870.88,73791.28,23920.4,16060.56,16485.43,41245.29,23365.79,5428.1,7821.49,3839.92,17275.43,3605.85
2024-05-23,49877.13,73789.73,23912.6,16068.29,16493.36,41228.08,23329.4,5419.53,7822.98,3866.17,17283.36,3609.01
2024-05-24,49949.84,73854.64,23904.800000000003,16076.09,16501.36,41277.19,23345.86,5441.29,7831.41,3868.64,17291.36,3616.36
2024-05-25,49973.74,73870.74,23897.0,16083.97,16509.46,41277.31,23299.5,5438.36,7849.37,3900.09,17299.46,3620.64
2024-05-26,50082.28,73971.48,23889.199999999997,16091.92,16517.61,41361.95,23336.5,5417.46,7853.62,3964.37,17307.61,3630.25
2024-05-27,50153.05,74034.45,23881.4,16099.93,16525.84,41408.68,23354.81,5433.64,7857.76,3972.47,17315.84,3637.49
2024-05-28,50401.82,74275.42,23873.6,16108.02,16534.14,41633.26,23513.3,5461.97,7862.72,4005.26,17324.14,3656.0
2024-05-29,50376.01,74241.81,23865.800000000003,16116.18,16542.52,41583.11,23470.09,5452.45,7861.83,4008.75,17332.52,3657.13
2024-05-30,50428.8,74286.8,23858.0,16124.41,16550.97,41611.42,23489.76,5467.77,7858.37,4005.52,17340.97,3663.24
2024-05-31,50561.96,74412.16,23850.199999999997,16132.71,16559.48,41719.97,23556.17,5476.1,7860.03,4037.67,17349.48,3674.45
2024-06-01,50599.89,74442.29,23842.4,16141.08,16568.08,41733.13,23568.72,5472.23,7866.87,4035.31,17358.08,3679.62
2024-06-02,50537.49,74372.09,23834.6,16149.52,16576.739999999998,41645.83,23485.82,5465.33,7859.6,4045.08,17366.74,3678.4
2024-06-03,50515.36,74342.16,23826.800000000003,16158.03,16585.47,41598.66,23402.2,5474.49,7872.33,4059.63,17375.47,3679.74
2024-06-04,50598.58,74417.58,23819.0,16166.61,16594.28,41656.69,23403.7,5486.8,7873.4,4102.79,17384.28,3687.78
2024-06-05,50554.89,74366.09,23811.199999999997,16175.26,16603.15,41587.68,23364.56,5459.6,7876.29,4097.23,17393.15,3687.72
2024-06-06,50637.84,74441.24,23803.4,16183.97,16612.09,41645.18,23436.6,5442.8,7886.2,4089.58,17402.09,3695.75
2024-06-07,50617.73,74413.33,23795.6,16192.75,16621.11,41599.47,23417.11,5456.63,7893.55,4042.18,17411.11,3697.18
2024-06-08,50508.3,74296.1,23787.800000000003,16201.6,16630.2,41464.3,23316.18,5459.5,7900.64,3997.98,17420.2,3692.89
2024-06-09,50655.32,74435.32,23780.0,16210.52,16639.34,41585.46,23408.11,5472.36,7898.78,4016.21,17429.34,3705.02
2024-06-10,50752.02,74524.22,23772.199999999997,16219.5,16648.57,41656.15,23450.99,5483.41,7904.5,4027.25,17438.57,3713.93
2024-06-11,50733.27,74497.67,23764.4,16228.55,16657.86,41611.26,23414.6,5497.41,7911.37,3997.88,17447.86,3715.42
2024-06-12,50688.81,74445.41,23756.6,16237.67,16667.21,41540.53,23355.5,5515.24,7912.47,3967.33,17457.21,3715.26
2024-06-13,50835.59,74584.39,23748.800000000003,16246.85,16676.65,41660.89,23442.19,5543.35,7914.54,3970.81,17466.65,3727.39
2024-06-14,50834.4,74575.4,23741.0,16256.09,16686.13,41633.18,23354.2,5571.95,7936.79,3980.24,17476.13,3730.01
2024-06-15,50848.81,74582.01,23733.199999999997,16265.4,16695.68,41620.93,23305.21,5593.2,7954.46,3978.06,17485.68,3733.62
2024-06-16,50982.73,74708.13,23725.4,16274.78,16705.309999999998,41728.04,23348.5,5609.22,7962.07,4018.25,17495.31,3744.94
2024-06-17,51090.89,74808.49,23717.6,16284.21,16714.98,41809.3,23449.34,5587.18,7985.86,3996.92,17504.98,3754.62
2024-06-18,51228.32,74938.12,23709.800000000003,16293.71,16724.739999999998,41919.67,23528.89,5598.18,7999.45,4003.14,17514.74,3766.19
2024-06-19,51257.4,74959.4,23702.0,16303.27,16734.55,41921.58,23593.07,5584.34,8004.23,3949.94,17524.55,3770.75
2024-06-20,51354.53,75048.73,23694.199999999997,16312.9,16744.440000000002,41991.39,23617.59,5591.25,8019.38,3973.17,17534.44,3779.73
2024-06-21,51451.99,75138.39,23686.4,16322.58,16754.38,42061.43,23654.2,5574.08,8027.51,4015.64,17544.38,3788.73
2024-06-22,51530.15,75208.75,23678.6,16332.33,16764.38,42112.04,23655.01,5569.39,8034.82,4062.82,17554.38,3796.48
2024-06-23,51536.63,75207.43,23670.800000000003,16342.14,16774.45,42090.84,23619.76,5583.16,8050.09,4047.83,17564.45,3799.58
2024-06-24,51451.83,75114.83,23663.0,16352.0,16784.58,41978.25,23530.76,5577.15,8062.34,4018.0,17574.58,3796.73
2024-06-25,51608.44,75263.64,23655.199999999997,16361.93,16794.77,42106.94,23685.49,5588.98,8065.35,3977.12,17584.77,3809.6
2024-06-26,51633.38,75280.78,23647.4,16371.91,16805.02,42103.85,23684.03,5603.78,8071.85,3954.18,17595.02,3813.89
2024-06-27,51656.53,75296.13,23639.6,16381.96,16815.31,42098.86,23650.97,5618.9,8076.9,3962.08,17605.31,3818.06
2024-06-28,51719.84,75351.64,23631.800000000003,16392.06,16825.68,42133.9,23662.02,5644.12,8075.94,3961.83,17615.68,3824.85
2024-06-29,51826.24,75450.24,23624.0,16402.21,16836.11,42211.92,23707.14,5657.48,8090.71,3966.6,17626.11,3834.46
2024-06-30,51837.8,75454.0,23616.199999999997,16412.43,16846.6,42194.97,23690.76,5665.69,8097.44,3951.09,17636.6,3837.87
